Workbook

Sheet Stations
A1: Station | B1: Type | C1: Massif | D1: Département | E1: Code postal | F1: Commune | G1: Code INSEE | H1: Statut d'activité | I1: Latitude | J1: Longitude | K1: Altitude village (m) | L1: Domaine skiable | M1: Bas des pistes (m) | N1: Haut des pistes (m) | O1: Dénivelé skiable (m) | P1: Altitude médiane des pistes (m) | Q1: Pistes ≥ 2 000 m (% des km) | R1: Pistes du domaine (km) | S1: Nombre de pistes | T1: Remontées mécaniques | U1: Pistes vertes | V1: Pistes bleues | W1: Pistes rouges | X1: Pistes noires | Y1: Non classées / freeride | Z1: Distance station-pistes (km) | AA1: Réservation officielle (URL) | AB1: Moteur de réservation | AC1: Plan des pistes (PDF) | AD1: ID domaine OpenSkiMap | AE1: Fiche France Montagnes
A2: Abondance | B2: Station (France Montagnes) | C2: Alpes du Nord | D2: Haute-Savoie | E2: 74360 | F2: Abondance | G2: 74001 | H2: En activité | I2: 46.267387 | J2: 6.73173 | K2: 1050 | L2: Portes du Soleil (versant français) | M2: 920 | N2: 2230 | O2: =IF(OR(M2="",N2=""),"",N2-M2) -> 1310 | P2: 1565 | Q2: 0.047 | R2: 493.7 | S2: 762 | T2: 195 | U2: 120 | V2: 357 | W2: 210 | X2: 32 | Y2: 43 | Z2: 1.21 | AD2: d2b0e7c59ecf744d36ed6af54c15743910092fe2 | AE2: https://www.france-montagnes.com/sit/abondance-29204/
A3: Aillons-Margeriaz | B3: Station (France Montagnes) | C3: Alpes du Nord | D3: Savoie | E3: 73340 | F3: Aillon-le-Jeune | G3: 73004 | H3: En activité | I3: 45.642911 | J3: 6.062014 | K3: 1387 | L3: Aillon-Margériaz | M3: 1385 | N3: 1835 | O3: =IF(OR(M3="",N3=""),"",N3-M3) -> 450 | P3: 1581 | Q3: 0 | R3: 21.7 | S3: 43 | T3: 10 | U3: 8 | V3: 26 | W3: 3 | X3: 3 | Y3: 3 | Z3: 0.07 | AD3: df9a26b589d512af30d78fa6ad55e745a3a677e3 | AE3: https://www.france-montagnes.com/sit/aillons-margeriaz-28418/
A4: Aime 2000 | B4: Station (France Montagnes) | C4: Alpes du Nord | D4: Savoie | E4: 73210 | F4: Aime-la-Plagne | G4: 73006 | H4: En activité | I4: 45.51042 | J4: 6.66592 | K4: 2101 | L4: Paradiski (Les Arcs – La Plagne) | M4: 1199 | N4: 3216 | O4: =IF(OR(M4="",N4=""),"",N4-M4) -> 2017 | P4: 2076 | Q4: 0.598 | R4: 487.8 | S4: 680 | T4: 87 | U4: 47 | V4: 395 | W4: 150 | X4: 60 | Y4: 28 | Z4: 0.05 | AA4: https://www.laplagneresort.com/ | AB4: Ceto / Orchestra | AD4: dec537b602584db89d89ab114a619f1ae356398e
A5: Albiez Montrond | B5: Station (France Montagnes) | C5: Alpes du Nord | D5: Savoie | E5: 73300 | F5: Albiez-Montrond | G5: 73013 | H5: En activité | I5: 45.193509 | J5: 6.3441466 | K5: 1690 | L5: Albiez-Montrond | M5: 1490 | N5: 2012 | O5: =IF(OR(M5="",N5=""),"",N5-M5) -> 522 | P5: 1697 | Q5: 0.005 | R5: 17.2 | S5: 21 | T5: 7 | U5: 1 | V5: 8 | W5: 7 | X5: 2 | Y5: 3 | Z5: 1.36 | AA5: https://www.montagnicimes.com/albiez/ | AC5: https://anmsm.media.tourinsoft.eu/upload/Plan-pistes---Albiez-hiver-2023-2024.pdf | AD5: 78779b860e6b70a1d8e64ddb7cb458cedd26d005 | AE5: https://www.france-montagnes.com/sit/albiez-montrond-statanmsm2v500ql1/
A6: Alpe D'Huez | B6: Station (France Montagnes) | C6: Alpes du Nord | D6: Isère | E6: 38750 | F6: Huez | G6: 38191 | H6: En activité | I6: 45.0904 | J6: 6.0696 | K6: 1807 | L6: Alpe d'Huez Grand Domaine | M6: 1124 | N6: 3314 | O6: =IF(OR(M6="",N6=""),"",N6-M6) -> 2190 | P6: 1975 | Q6: 0.45 | R6: 190.2 | S6: 350 | T6: 82 | U6: 131 | V6: 89 | W6: 75 | X6: 33 | Y6: 22 | Z6: 0.22 | AA6: https://reservation.alpedhuez.com/?user-facet=winter | AB6: Ublo (ex-Valraiso/MSEM) | AC6: https://anmsm.media.tourinsoft.eu/upload/Alpe-d-huez-Alpin-2026.pdf | AD6: 721dd142d0af653027c7569e1bd0799586bdefa1 | AE6: https://www.france-montagnes.com/sit/alpe-dhuez-statanmsm01380001/
A7: Alpe Du Grand-Serre | B7: Station (France Montagnes) | C7: Alpes du Nord | D7: Isère | E7: 38350 | F7: La Morte | G7: 38264 | H7: En activité, avenir fragile | I7: 45.024468 | J7: 5.8612704 | K7: 1372 | L7: L'Alpe du Grand Serre | M7: 1363 | N7: 2166 | O7: =IF(OR(M7="",N7=""),"",N7-M7) -> 803 | P7: 1792 | Q7: 0.082 | R7: 36.7 | S7: 52 | T7: 14 | U7: 6 | V7: 28 | W7: 16 | X7: 2 | Z7: 0.12 | AA7: https://www.matheysine-tourisme.com/fr/alpedugrandserre/ | AB7: Open System | AC7: https://anmsm.media.tourinsoft.eu/upload/380002-09.jpg | AD7: c0e65ff5494198c3e504ff30257b990d92b29cfc | AE7: https://www.france-montagnes.com/sit/alpe-du-grand-serre-statanmsm01380002/
A8: Arc 1600 | B8: Station (France Montagnes) | C8: Alpes du Nord | D8: Savoie | E8: 73700 | F8: Bourg-Saint-Maurice | G8: 73054 | H8: En activité | I8: 45.59382 | J8: 6.7948 | K8: 1671 | L8: Paradiski (Les Arcs – La Plagne) | M8: 1199 | N8: 3216 | O8: =IF(OR(M8="",N8=""),"",N8-M8) -> 2017 | P8: 2076 | Q8: 0.598 | R8: 487.8 | S8: 680 | T8: 87 | U8: 47 | V8: 395 | W8: 150 | X8: 60 | Y8: 28 | Z8: 0.06 | AA8: https://www.lesarcs.com/ | AD8: dec537b602584db89d89ab114a619f1ae356398e
A9: Arc 1800 | B9: Station (France Montagnes) | C9: Alpes du Nord | D9: Savoie | E9: 73700 | F9: Bourg-Saint-Maurice | G9: 73054 | H9: En activité | I9: 45.57326 | J9: 6.78043 | K9: 1727 | L9: Paradiski (Les Arcs – La Plagne) | M9: 1199 | N9: 3216 | O9: =IF(OR(M9="",N9=""),"",N9-M9) -> 2017 | P9: 2076 | Q9: 0.598 | R9: 487.8 | S9: 680 | T9: 87 | U9: 47 | V9: 395 | W9: 150 | X9: 60 | Y9: 28 | Z9: 0.01 | AA9: https://www.lesarcs.com/ | AD9: dec537b602584db89d89ab114a619f1ae356398e
A10: Arc 1950 | B10: Station (France Montagnes) | C10: Alpes du Nord | D10: Savoie | E10: 73700 | F10: Bourg-Saint-Maurice | G10: 73054 | H10: En activité | I10: 45.57276 | J10: 6.8266 | K10: 2040 | L10: Paradiski (Les Arcs – La Plagne) | M10: 1199 | N10: 3216 | O10: =IF(OR(M10="",N10=""),"",N10-M10) -> 2017 | P10: 2076 | Q10: 0.598 | R10: 487.8 | S10: 680 | T10: 87 | U10: 47 | V10: 395 | W10: 150 | X10: 60 | Y10: 28 | Z10: 0.01 | AA10: https://www.lesarcs.com/ | AD10: dec537b602584db89d89ab114a619f1ae356398e
A11: Arc 2000 | B11: Station (France Montagnes) | C11: Alpes du Nord | D11: Savoie | E11: 73700 | F11: Bourg-Saint-Maurice | G11: 73054 | H11: En activité | I11: 45.57225 | J11: 6.83308 | K11: 2145 | L11: Paradiski (Les Arcs – La Plagne) | M11: 1199 | N11: 3216 | O11: =IF(OR(M11="",N11=""),"",N11-M11) -> 2017 | P11: 2076 | Q11: 0.598 | R11: 487.8 | S11: 680 | T11: 87 | U11: 47 | V11: 395 | W11: 150 | X11: 60 | Y11: 28 | Z11: 0.06 | AA11: https://www.lesarcs.com/ | AD11: dec537b602584db89d89ab114a619f1ae356398e
A12: Areches Beaufort | B12: Station (France Montagnes) | C12: Alpes du Nord | D12: Savoie | E12: 73270 | F12: Beaufort | G12: 73034 | H12: En activité | I12: 45.6864 | J12: 6.5707 | K12: 1065 | L12: Arêches Beaufort | M12: 1018 | N12: 2319 | O12: =IF(OR(M12="",N12=""),"",N12-M12) -> 1301 | P12: 1765 | Q12: 0.215 | R12: 36.1 | S12: 63 | T12: 15 | U12: 3 | V12: 37 | W12: 19 | X12: 3 | Y12: 1 | Z12: 0.4 | AA12: https://reservation.areches-beaufort.com/ | AB12: Ingénie / Genius | AC12: https://anmsm.media.tourinsoft.eu/upload/Plan-des-pistes-23-24-BD.pdf | AD12: 57b39abafcecc675add3a21c7b78bcda579aee64 | AE12: https://www.france-montagnes.com/sit/areches-beaufort-statanmsm01730002/
A13: Argentière | B13: Station (France Montagnes) | C13: Alpes du Nord | D13: Haute-Savoie | E13: 74400 | F13: Chamonix-Mont-Blanc | G13: 74056 | H13: En activité | I13: 45.984375 | J13: 6.929418 | K13: 1259 | L13: Les Grands Montets | M13: 1232 | N13: 3232 | O13: =IF(OR(M13="",N13=""),"",N13-M13) -> 2000 | P13: 2084 | Q13: 0.624 | R13: 39.9 | S13: 46 | T13: 9 | U13: 2 | V13: 15 | W13: 16 | X13: 12 | Y13: 1 | Z13: 0.63 | AD13: 77817eafde1b8d56ca0716d7a207b6c92d01743c | AE13: https://www.france-montagnes.com/sit/argentiere-570552/
A14: Auris en Oisans | B14: Station (France Montagnes) | C14: Alpes du Nord | D14: Isère | E14: 38142 | F14: Le Freney-d'Oisans | G14: 38173 | H14: En activité | I14: 45.047222 | J14: 6.125314 | K14: 945 | L14: Les Deux Alpes | M14: 1284 | N14: 3511 | O14: =IF(OR(M14="",N14=""),"",N14-M14) -> 2227 | P14: 2500 | Q14: 0.785 | R14: 144.5 | S14: 250 | T14: 46 | U14: 62 | V14: 137 | W14: 33 | X14: 17 | Y14: 1 | Z14: 1.56 | AD14: 5bd589496339e89cf9be3d93c86e7e6c41f72208 | AE14: https://www.france-montagnes.com/sit/auris-en-oisans-28430/
A15: Aussois | B15: Station (France Montagnes) | C15: Alpes du Nord | D15: Savoie | E15: 73500 | F15: Aussois | G15: 73023 | H15: En activité | I15: 45.2295 | J15: 6.7392 | K15: 1501 | L15: Espace Haute Maurienne Vanoise | M15: 1306 | N15: 2952 | O15: =IF(OR(M15="",N15=""),"",N15-M15) -> 1646 | P15: 2087 | Q15: 0.557 | R15: 255.4 | S15: 402 | T15: 79 | U15: 108 | V15: 136 | W15: 112 | X15: 20 | Y15: 26 | Z15: 0.22 | AA15: https://reservation.haute-maurienne-vanoise.com/ac62-aussois.htm | AB15: Open System | AC15: https://anmsm.media.tourinsoft.eu/upload/aussois-ge-une-ural-2016e.pdf | AD15: 44ee1a2c1392b07916bca601bb15230dca87e420 | AE15: https://www.france-montagnes.com/sit/aussois-statanmsm01730003/
A16: Autrans Méaudres en Vercors | B16: Station (France Montagnes) | C16: Alpes du Nord | D16: Isère | E16: 38880 | F16: Autrans-Méaudre en Vercors | G16: 38225 | H16: En activité | I16: 45.155316 | J16: 5.552751 | K16: 1040 | L16: Domaine Autrans - Méaudre | M16: 1003 | N16: 1607 | O16: =IF(OR(M16="",N16=""),"",N16-M16) -> 604 | P16: 1385 | Q16: 0 | R16: 19.6 | S16: 41 | T16: 13 | U16: 10 | V16: 14 | W16: 14 | X16: 3 | Z16: 3.97 | AD16: c4fe645047e06c17f033f3092f88a83b9f7012e2 | AE16: https://www.france-montagnes.com/sit/autrans-meaudres-en-vercors-28439/
A17: Avoriaz 1800 | B17: Station (France Montagnes) | C17: Alpes du Nord | D17: Haute-Savoie | E17: 74110 | F17: Morzine | G17: 74191 | H17: En activité | I17: 46.186097 | J17: 6.719237 | K17: 1351 | L17: Portes du Soleil (versant français) | M17: 920 | N17: 2230 | O17: =IF(OR(M17="",N17=""),"",N17-M17) -> 1310 | P17: 1565 | Q17: 0.047 | R17: 493.7 | S17: 762 | T17: 195 | U17: 120 | V17: 357 | W17: 210 | X17: 32 | Y17: 43 | Z17: 0.47 | AA17: https://reservation.avoriaz.com/ | AB17: Ingénie / Genius | AD17: d2b0e7c59ecf744d36ed6af54c15743910092fe2 | AE17: https://www.france-montagnes.com/sit/avoriaz-1800-28442/
A18: Belle Plagne | B18: Station (France Montagnes) | C18: Alpes du Nord | D18: Savoie | E18: 73210 | F18: La Plagne Tarentaise | G18: 73150 | H18: En activité | I18: 45.5082 | J18: 6.70685 | K18: 2068 | L18: Paradiski (Les Arcs – La Plagne) | M18: 1199 | N18: 3216 | O18: =IF(OR(M18="",N18=""),"",N18-M18) -> 2017 | P18: 2076 | Q18: 0.598 | R18: 487.8 | S18: 680 | T18: 87 | U18: 47 | V18: 395 | W18: 150 | X18: 60 | Y18: 28 | Z18: 0.06 | AA18: https://www.laplagneresort.com/ | AB18: Ceto / Orchestra | AD18: dec537b602584db89d89ab114a619f1ae356398e
A19: Bernex | B19: Station (France Montagnes) | C19: Alpes du Nord | D19: Haute-Savoie | E19: 74500 | F19: Bernex | G19: 74033 | H19: En activité | I19: 46.355269 | J19: 6.6755715 | K19: 978 | L19: Bernex | M19: 995 | N19: 1871 | O19: =IF(OR(M19="",N19=""),"",N19-M19) -> 876 | P19: 1335 | Q19: 0 | R19: 15.4 | S19: 45 | T19: 10 | U19: 2 | V19: 23 | W19: 14 | X19: 4 | Y19: 2 | Z19: 1.04 | AA19: https://www.bernexstation.fr/fr/ | AB19: Eliberty | AC19: https://anmsm.media.tourinsoft.eu/upload/Plan-pistes-Bernex-H-19-20internet2.pdf | AD19: 19b6e308caa6766b21cb00e4fb40a82c4ee1f95b | AE19: https://www.france-montagnes.com/sit/bernex-statanmsm01740063/
A20: Bessans | B20: Station (France Montagnes) | C20: Alpes du Nord | D20: Savoie | E20: 73480 | F20: Bessans | G20: 73040 | H20: En activité | I20: 45.323084 | J20: 7.022331 | K20: 1764 | L20: Espace Haute Maurienne Vanoise | M20: 1306 | N20: 2952 | O20: =IF(OR(M20="",N20=""),"",N20-M20) -> 1646 | P20: 2087 | Q20: 0.557 | R20: 255.4 | S20: 402 | T20: 79 | U20: 108 | V20: 136 | W20: 112 | X20: 20 | Y20: 26 | Z20: 2.3 | AD20: 44ee1a2c1392b07916bca601bb15230dca87e420 | AE20: https://www.france-montagnes.com/sit/bessans-28448/
A21: Bisanne 1500 | B21: Village-station | C21: Alpes du Nord | D21: Savoie | E21: 73270 | F21: Villard-sur-Doron | G21: 73317 | H21: En activité | I21: 45.73807 | J21: 6.50584 | K21: 1506 | L21: Espace Diamant | M21: 949 | N21: 2054 | O21: =IF(OR(M21="",N21=""),"",N21-M21) -> 1105 | P21: 1660 | Q21: 0.014 | R21: 225.6 | S21: 333 | T21: 85 | U21: 68 | V21: 165 | W21: 74 | X21: 13 | Y21: 13 | Z21: 0.05 | AA21: https://reservation.lessaisies.com/ | AB21: Ingénie / Genius | AD21: 0345d73f7a4bf0f49815ccb16306a3ec6371544b
A22: Bonneval Sur Arc | B22: Station (France Montagnes) | C22: Alpes du Nord | D22: Savoie | E22: 73480 | F22: Bonneval-sur-Arc | G22: 73047 | H22: En activité | I22: 45.3693 | J22: 7.0501 | K22: 1930 | L22: Espace Haute Maurienne Vanoise | M22: 1306 | N22: 2952 | O22: =IF(OR(M22="",N22=""),"",N22-M22) -> 1646 | P22: 2087 | Q22: 0.557 | R22: 255.4 | S22: 402 | T22: 79 | U22: 108 | V22: 136 | W22: 112 | X22: 20 | Y22: 26 | Z22: 0.4 | AA22: https://reservation.haute-maurienne-vanoise.com/ac64-bonneval-sur-arc.htm | AB22: Open System | AC22: https://anmsm.media.tourinsoft.eu/upload/730005-09.jpg | AD22: 44ee1a2c1392b07916bca601bb15230dca87e420 | AE22: https://www.france-montagnes.com/sit/bonneval-sur-arc-statanmsm01730005/
A23: Brides Les Bains | B23: Station (France Montagnes) | C23: Alpes du Nord | D23: Savoie | E23: 73570 | F23: Brides-les-Bains | G23: 73057 | H23: En activité | I23: 45.4546 | J23: 6.5697 | K23: 662 | L23: Les Trois Vallées | M23: 1110 | N23: 3223 | O23: =IF(OR(M23="",N23=""),"",N23-M23) -> 2113 | P23: 2252 | Q23: 0.728 | R23: 771.4 | S23: 871 | T23: 142 | U23: 168 | V23: 422 | W23: 222 | X23: 55 | Y23: 4 | Z23: 3.11 | AA23: https://brides-les-bains.secureticket.fr/provider/choisirsingleprovider | AC23: https://anmsm.media.tourinsoft.eu/upload/730007-09.jpg | AD23: 68b126bc3175516c9263aed7635d14e37ff360dc | AE23: https://www.france-montagnes.com/sit/brides-les-bains-statanmsm01730007/
A24: Chamonix Mont-Blanc | B24: Station (France Montagnes) | C24: Alpes du Nord | D24: Haute-Savoie | E24: 74400 | F24: Chamonix-Mont-Blanc | G24: 74056 | H24: En activité | I24: 45.948385 | J24: 6.893163 | K24: 1075 | L24: Brévent/Flégère (Chamonix) | M24: 1046 | N24: 2505 | O24: =IF(OR(M24="",N24=""),"",N24-M24) -> 1459 | P24: 1967 | Q24: 0.451 | R24: 55.1 | S24: 72 | T24: 18 | U24: 17 | V24: 19 | W24: 23 | X24: 13 | Z24: 0.6 | AA24: https://booking.chamonix.com/fr/ | AB24: Ceto / Orchestra | AD24: 8432e3c536835ef8a690f63b62060a7993bfd964 | AE24: https://www.france-montagnes.com/sit/chamonix-mont-blanc-28466/
A25: Champagny En Vanoise | B25: Station (France Montagnes) | C25: Alpes du Nord | D25: Savoie | E25: 73350 | F25: Champagny-en-Vanoise | G25: 73071 | H25: En activité | I25: 45.455823 | J25: 6.6935927 | K25: 1217 | L25: Paradiski (Les Arcs – La Plagne) | M25: 1199 | N25: 3216 | O25: =IF(OR(M25="",N25=""),"",N25-M25) -> 2017 | P25: 2076 | Q25: 0.598 | R25: 487.8 | S25: 680 | T25: 87 | U25: 47 | V25: 395 | W25: 150 | X25: 60 | Y25: 28 | Z25: 0.1 | AA25: https://www.laplagneresort.com/ | AB25: Ceto / Orchestra | AC25: https://anmsm.media.tourinsoft.eu/upload/PlanPistesParadiski.pdf | AD25: dec537b602584db89d89ab114a619f1ae356398e | AE25: https://www.france-montagnes.com/sit/champagny-en-vanoise-statanmsm01730009/
A26: Chamrousse | B26: Station (France Montagnes) | C26: Alpes du Nord | D26: Isère | E26: 38410 | F26: Chamrousse | G26: 38567 | H26: En activité | I26: 45.1229 | J26: 5.881 | K26: 1768 | L26: Chamrousse | M26: 1410 | N26: 2246 | O26: =IF(OR(M26="",N26=""),"",N26-M26) -> 836 | P26: 1879 | Q26: 0.235 | R26: 49.4 | S26: 117 | T26: 19 | U26: 13 | V26: 56 | W26: 41 | X26: 7 | Z26: 0.01 | AA26: https://www.chamrousse.com/hiver | AB26: Ingénie / Genius | AC26: https://anmsm.media.tourinsoft.eu/upload/PLAN-PISTES-2024-25-web.pdf | AD26: cf35c277ce2147943aff2aaa620572cc647a2a1d | AE26: https://www.france-montagnes.com/sit/chamrousse-statanmsm01380005/
A27: Chamrousse 1650 | B27: Village-station | C27: Alpes du Nord | D27: Isère | E27: 38410 | F27: Chamrousse | G27: 38567 | H27: En activité | I27: 45.12621 | J27: 5.87697 | K27: 1667 | L27: Chamrousse | M27: 1410 | N27: 2246 | O27: =IF(OR(M27="",N27=""),"",N27-M27) -> 836 | P27: 1879 | Q27: 0.235 | R27: 49.4 | S27: 117 | T27: 19 | U27: 13 | V27: 56 | W27: 41 | X27: 7 | Z27: 0.21 | AA27: https://www.chamrousse.com/hiver | AB27: Ingénie / Genius | AD27: cf35c277ce2147943aff2aaa620572cc647a2a1d
A28: Chamrousse 1750 | B28: Village-station | C28: Alpes du Nord | D28: Isère | E28: 38410 | F28: Chamrousse | G28: 38567 | H28: En activité | I28: 45.11244 | J28: 5.87671 | K28: 1752 | L28: Chamrousse | M28: 1410 | N28: 2246 | O28: =IF(OR(M28="",N28=""),"",N28-M28) -> 836 | P28: 1879 | Q28: 0.235 | R28: 49.4 | S28: 117 | T28: 19 | U28: 13 | V28: 56 | W28: 41 | X28: 7 | Z28: 0.17 | AA28: https://www.chamrousse.com/hiver | AB28: Ingénie / Genius | AD28: cf35c277ce2147943aff2aaa620572cc647a2a1d
A29: Chapelle d'Abondance | B29: Station (France Montagnes) | C29: Alpes du Nord | D29: Haute-Savoie | E29: 74360 | F29: La Chapelle-d'Abondance | G29: 74058 | H29: En activité | I29: 46.291356 | J29: 6.801207 | K29: 1013 | L29: Portes du Soleil (versant français) | M29: 920 | N29: 2230 | O29: =IF(OR(M29="",N29=""),"",N29-M29) -> 1310 | P29: 1565 | Q29: 0.047 | R29: 493.7 | S29: 762 | T29: 195 | U29: 120 | V29: 357 | W29: 210 | X29: 32 | Y29: 43 | Z29: 1.21 | AD29: d2b0e7c59ecf744d36ed6af54c15743910092fe2 | AE29: https://www.france-montagnes.com/sit/chapelle-dabondance-29207/
A30: Châtel | B30: Station (France Montagnes) | C30: Alpes du Nord | D30: Haute-Savoie | E30: 74390 | F30: Châtel | G30: 74063 | H30: En activité | I30: 46.25614 | J30: 6.81908 | K30: 1157 | L30: Portes du Soleil (versant français) | M30: 920 | N30: 2230 | O30: =IF(OR(M30="",N30=""),"",N30-M30) -> 1310 | P30: 1565 | Q30: 0.047 | R30: 493.7 | S30: 762 | T30: 195 | U30: 120 | V30: 357 | W30: 210 | X30: 32 | Y30: 43 | Z30: 0.28 | AD30: d2b0e7c59ecf744d36ed6af54c15743910092fe2 | AE30: https://www.france-montagnes.com/sit/chatel-28475/
A31: Col d'Ornon | B31: Station (France Montagnes) | C31: Alpes du Nord | D31: Isère | E31: 38520 | F31: Ornon | G31: 38285 | H31: En activité | I31: 45.039411 | J31: 5.978173 | K31: 1039 | L31: Domaine Alpin du Col d'Ornon | M31: 1332 | N31: 1867 | O31: =IF(OR(M31="",N31=""),"",N31-M31) -> 535 | P31: 1491 | Q31: 0 | R31: 6.1 | S31: 20 | T31: 4 | U31: 5 | V31: 3 | W31: 8 | X31: 3 | Y31: 1 | Z31: 0.92 | AD31: cfbdf0c0870e8baf8c048438de3175df84e88082 | AE31: https://www.france-montagnes.com/sit/col-dornon-28976/
A32: Col de l'Arzelier | B32: Station (France Montagnes) | C32: Alpes du Nord | D32: Isère | E32: 38650 | F32: Château-Bernard | G32: 38090 | H32: En activité | I32: 44.990682 | J32: 5.594928 | K32: 1152 | L32: Col de l'Arzelier | M32: 1156 | N32: 1491 | O32: =IF(OR(M32="",N32=""),"",N32-M32) -> 335 | P32: 1340 | Q32: 0 | R32: 3.5 | S32: 6 | T32: 0 | U32: 2 | V32: 1 | W32: 3 | Z32: 0.02 | AD32: a6471e912c17be98423d028110f4aa1ac55c1091 | AE32: https://www.france-montagnes.com/sit/col-de-larzelier-28994/
A33: Col du Rousset | B33: Station (France Montagnes) | C33: Alpes du Nord | D33: Drôme | E33: 26420 | F33: Saint-Agnan-en-Vercors | G33: 26290 | H33: En activité | I33: 44.8335 | J33: 5.4055 | K33: 1374 | L33: Station du Col de Rousset | M33: 1255 | N33: 1692 | O33: =IF(OR(M33="",N33=""),"",N33-M33) -> 437 | P33: 1446 | Q33: 0 | R33: 18 | S33: 32 | T33: 9 | U33: 18 | V33: 7 | W33: 5 | X33: 2 | Z33: 0.03 | AD33: 02707553d2b91ea36905797a8d6d66489860161d | AE33: https://www.france-montagnes.com/sit/col-du-rousset-28982/
A34: Combloux | B34: Station (France Montagnes) | C34: Alpes du Nord | D34: Haute-Savoie | E34: 74920 | F34: Combloux | G34: 74083 | H34: En activité | I34: 45.894569 | J34: 6.6447033 | K34: 976 | L34: Les Portes du Mont-Blanc | M34: 1017 | N34: 1925 | O34: =IF(OR(M34="",N34=""),"",N34-M34) -> 908 | P34: 1499 | Q34: 0 | R34: 89.5 | S34: 181 | T34: 30 | U34: 21 | V34: 66 | W34: 66 | X34: 18 | Y34: 10 | Z34: 0.95 | AA34: https://reservation.combloux.com/?lang=fr_FR | AB34: Ceto / Orchestra | AC34: https://anmsm.media.tourinsoft.eu/upload/plan-piste-portes-mont-blanc-web.pdf | AD34: aa87548d9445d366123e7ef7aee40af9d4a78dff | AE34: https://www.france-montagnes.com/sit/combloux-statanmsm01740009/
A35: Cordon | B35: Station (France Montagnes) | C35: Alpes du Nord | D35: Haute-Savoie | E35: 74700 | F35: Cordon | G35: 74089 | H35: En activité | I35: 45.913348 | J35: 6.597228 | K35: 1129 | L35: Les Portes du Mont-Blanc | M35: 1017 | N35: 1925 | O35: =IF(OR(M35="",N35=""),"",N35-M35) -> 908 | P35: 1499 | Q35: 0 | R35: 89.5 | S35: 181 | T35: 30 | U35: 21 | V35: 66 | W35: 66 | X35: 18 | Y35: 10 | Z35: 0.12 | AD35: aa87548d9445d366123e7ef7aee40af9d4a78dff | AE35: https://www.france-montagnes.com/sit/cordon-29267/
A36: Courchevel | B36: Station (France Montagnes) | C36: Alpes du Nord | D36: Savoie | E36: 73120 | F36: Courchevel | G36: 73227 | H36: En activité | I36: 45.4122 | J36: 6.6372 | K36: 1779 | L36: Les Trois Vallées | M36: 1110 | N36: 3223 | O36: =IF(OR(M36="",N36=""),"",N36-M36) -> 2113 | P36: 2252 | Q36: 0.728 | R36: 771.4 | S36: 871 | T36: 142 | U36: 168 | V36: 422 | W36: 222 | X36: 55 | Y36: 4 | Z36: 0.09 | AA36: https://reservation.courchevel.com/?lang=fr_FR | AB36: Ingénie / Genius | AC36: https://anmsm.media.tourinsoft.eu/upload/Panorama-Courchevel-2015-2016-V8--BAT5-.pdf | AD36: 68b126bc3175516c9263aed7635d14e37ff360dc | AE36: https://www.france-montagnes.com/sit/courchevel-statanmsm01730010/
A37: Courchevel Le Praz | B37: Station (France Montagnes) | C37: Alpes du Nord | D37: Savoie | E37: 73120 | F37: Courchevel | G37: 73227 | H37: En activité | I37: 45.43202 | J37: 6.62165 | K37: 1256 | L37: Les Trois Vallées | M37: 1110 | N37: 3223 | O37: =IF(OR(M37="",N37=""),"",N37-M37) -> 2113 | P37: 2252 | Q37: 0.728 | R37: 771.4 | S37: 871 | T37: 142 | U37: 168 | V37: 422 | W37: 222 | X37: 55 | Y37: 4 | Z37: 0.13 | AA37: https://reservation.courchevel.com/?lang=fr_FR | AB37: Ingénie / Genius | AD37: 68b126bc3175516c9263aed7635d14e37ff360dc
A38: Courchevel Moriond 1650 | B38: Station (France Montagnes) | C38: Alpes du Nord | D38: Savoie | E38: 73120 | F38: Courchevel | G38: 73227 | H38: En activité | I38: 45.41445 | J38: 6.64871 | K38: 1568 | L38: Les Trois Vallées | M38: 1110 | N38: 3223 | O38: =IF(OR(M38="",N38=""),"",N38-M38) -> 2113 | P38: 2252 | Q38: 0.728 | R38: 771.4 | S38: 871 | T38: 142 | U38: 168 | V38: 422 | W38: 222 | X38: 55 | Y38: 4 | Z38: 0.1 | AA38: https://reservation.courchevel.com/?lang=fr_FR | AB38: Ingénie / Genius | AD38: 68b126bc3175516c9263aed7635d14e37ff360dc
A39: Courchevel Village 1550 | B39: Station (France Montagnes) | C39: Alpes du Nord | D39: Savoie | E39: 73120 | F39: Courchevel | G39: 73227 | H39: En activité | I39: 45.42221 | J39: 6.64143 | K39: 1489 | L39: Les Trois Vallées | M39: 1110 | N39: 3223 | O39: =IF(OR(M39="",N39=""),"",N39-M39) -> 2113 | P39: 2252 | Q39: 0.728 | R39: 771.4 | S39: 871 | T39: 142 | U39: 168 | V39: 422 | W39: 222 | X39: 55 | Y39: 4 | Z39: 0.03 | AA39: https://reservation.courchevel.com/?lang=fr_FR | AB39: Ingénie / Genius | AD39: 68b126bc3175516c9263aed7635d14e37ff360dc
A40: Crest-Voland Cohennoz | B40: Station (France Montagnes) | C40: Alpes du Nord | D40: Savoie | E40: 73590 | F40: Crest-Voland | G40: 73094 | H40: En activité | I40: 45.794975 | J40: 6.505591 | K40: 1226 | L40: Espace Diamant | M40: 949 | N40: 2054 | O40: =IF(OR(M40="",N40=""),"",N40-M40) -> 1105 | P40: 1660 | Q40: 0.014 | R40: 225.6 | S40: 333 | T40: 85 | U40: 68 | V40: 165 | W40: 74 | X40: 13 | Y40: 13 | Z40: 0.08 | AA40: https://www.valdarly-montblanc.com/villages-stations/crest-voland-cohennoz/ | AB40: Ingénie / Genius | AC40: https://anmsm.media.tourinsoft.eu/upload/PLAN-PISTES-ZONES-CVC---ED.pdf | AD40: 0345d73f7a4bf0f49815ccb16306a3ec6371544b | AE40: https://www.france-montagnes.com/sit/crest-voland-cohennoz-statanmsm01730070/
A41: Espace Roc d'Enfer | B41: Station (France Montagnes) | C41: Alpes du Nord | D41: Haute-Savoie | E41: 74430 | F41: Saint-Jean-d'Aulps | G41: 74238 | H41: En activité | I41: 46.23033 | J41: 6.6569 | K41: 799 | L41: Portes du Soleil (versant français) | M41: 920 | N41: 2230 | O41: =IF(OR(M41="",N41=""),"",N41-M41) -> 1310 | P41: 1565 | Q41: 0.047 | R41: 493.7 | S41: 762 | T41: 195 | U41: 120 | V41: 357 | W41: 210 | X41: 32 | Y41: 43 | Z41: 1.28 | AD41: d2b0e7c59ecf744d36ed6af54c15743910092fe2 | AE41: https://www.france-montagnes.com/sit/espace-roc-denfer-29324/
A42: Flaine | B42: Station (France Montagnes) | C42: Alpes du Nord | D42: Haute-Savoie | E42: 74300 | F42: Arâches-la-Frasse | G42: 74014 | H42: En activité | I42: 46.019188 | J42: 6.637353 | K42: 1140 | L42: Le Grand Massif | M42: 682 | N42: 2485 | O42: =IF(OR(M42="",N42=""),"",N42-M42) -> 1803 | P42: 1698 | Q42: 0.198 | R42: 385 | S42: 444 | T42: 72 | U42: 128 | V42: 189 | W42: 92 | X42: 25 | Y42: 10 | Z42: 0.43 | AD42: efaa82d7ae8e42868f19ed2abb8001f518a404d0 | AE42: https://www.france-montagnes.com/sit/flaine-28487/
A43: Flumet - Saint Nicolas La Chapelle | B43: Station (France Montagnes) | C43: Alpes du Nord | D43: Savoie | E43: 73590 | F43: Flumet | G43: 73114 | H43: En activité | I43: 45.819291 | J43: 6.516386 | K43: 919 | L43: Espace Diamant | M43: 949 | N43: 2054 | O43: =IF(OR(M43="",N43=""),"",N43-M43) -> 1105 | P43: 1660 | Q43: 0.014 | R43: 225.6 | S43: 333 | T43: 85 | U43: 68 | V43: 165 | W43: 74 | X43: 13 | Y43: 13 | Z43: 0.76 | AA43: https://www.valdarly-montblanc.com/villages-stations/flumet-st-nicolas-la-chapelle/ | AB43: Ingénie / Genius | AD43: 0345d73f7a4bf0f49815ccb16306a3ec6371544b | AE43: https://www.france-montagnes.com/sit/flumet-saint-nicolas-la-chapelle-statanmsm2v50090r/
A44: Fond d'Urle | B44: Station (France Montagnes) | C44: Alpes du Nord | D44: Drôme | E44: 26190 | F44: Bouvante | G44: 26059 | H44: En activité | I44: 44.889925 | J44: 5.332169 | K44: 1520 | L44: Font d'Urle Chaud Clapier | M44: 1273 | N44: 1541 | O44: =IF(OR(M44="",N44=""),"",N44-M44) -> 268 | P44: 1412 | Q44: 0 | R44: 16.1 | S44: 49 | T44: 11 | U44: 28 | V44: 11 | W44: 9 | X44: 1 | Z44: 1.36 | AD44: 1d00a3f356e6ee869926e23d9a9457cdc5f9eebf | AE44: https://www.france-montagnes.com/sit/fond-durle-29297/
A45: Gresse en Vercors | B45: Station (France Montagnes) | C45: Alpes du Nord | D45: Isère | E45: 38650 | F45: Gresse-en-Vercors | G45: 38186 | H45: En activité | I45: 44.897269 | J45: 5.566931 | K45: 1254 | L45: Gresse en Vercors | M45: 1248 | N45: 1697 | O45: =IF(OR(M45="",N45=""),"",N45-M45) -> 449 | P45: 1392 | Q45: 0 | R45: 13 | S45: 19 | T45: 10 | U45: 4 | V45: 6 | W45: 7 | X45: 2 | Z45: 1.42 | AD45: 4e191d9772e06e056666aa69ec7b0aebe400b24b | AE45: https://www.france-montagnes.com/sit/gresse-en-vercors-28979/
A46: Habère Poche | B46: Station (France Montagnes) | C46: Alpes du Nord | D46: Haute-Savoie | E46: 74420 | F46: Habère-Poche | G46: 74140 | H46: En activité | I46: 46.254474 | J46: 6.472198 | K46: 975 | L46: Hirmentaz - Les Habères | M46: 940 | N46: 1604 | O46: =IF(OR(M46="",N46=""),"",N46-M46) -> 664 | P46: 1324 | Q46: 0 | R46: 22.7 | S46: 44 | T46: 20 | U46: 6 | V46: 18 | W46: 18 | X46: 2 | Z46: 1.04 | AD46: 28bc6b32b26b2c57edacb1c31e4ebdc1ec6e518f | AE46: https://www.france-montagnes.com/sit/habere-poche-29258/
A47: Haut Giffre | B47: Station (France Montagnes) | C47: Alpes du Nord | D47: Haute-Savoie | E47: 74740 | F47: Sixt-Fer-à-Cheval | G47: 74273 | H47: En activité | I47: 46.05966 | J47: 6.79145 | K47: 815 | L47: Le Grand Massif | M47: 682 | N47: 2485 | O47: =IF(OR(M47="",N47=""),"",N47-M47) -> 1803 | P47: 1698 | Q47: 0.198 | R47: 385 | S47: 444 | T47: 72 | U47: 128 | V47: 189 | W47: 92 | X47: 25 | Y47: 10 | Z47: 2.17 | AD47: efaa82d7ae8e42868f19ed2abb8001f518a404d0 | AE47: https://www.france-montagnes.com/sit/haut-giffre-29192/
A48: Hauteluce Val Joly | B48: Station (France Montagnes) | C48: Alpes du Nord | D48: Savoie | E48: 73620 | F48: Hauteluce | G48: 73132 | H48: En activité | I48: 45.776049 | J48: 6.642901 | K48: 1324 | L48: Les Contamines | M48: 1158 | N48: 2444 | O48: =IF(OR(M48="",N48=""),"",N48-M48) -> 1286 | P48: 1887 | Q48: 0.247 | R48: 72.2 | S48: 95 | T48: 27 | U48: 10 | V48: 38 | W48: 30 | X48: 15 | Y48: 2 | Z48: 0.34 | AD48: 10f2ef5a778b65fdea26f0662b08e83c8b979356 | AE48: https://www.france-montagnes.com/sit/hauteluce-val-joly-29162/
A49: Hirmentaz | B49: Station (France Montagnes) | C49: Alpes du Nord | D49: Haute-Savoie | E49: 74470 | F49: Bellevaux | G49: 74032 | H49: En activité | I49: 46.24676 | J49: 6.50608 | K49: 1226 | L49: Hirmentaz - Les Habères | M49: 940 | N49: 1604 | O49: =IF(OR(M49="",N49=""),"",N49-M49) -> 664 | P49: 1324 | Q49: 0 | R49: 22.7 | S49: 44 | T49: 20 | U49: 6 | V49: 18 | W49: 18 | X49: 2 | Z49: 0.13 | AD49: 28bc6b32b26b2c57edacb1c31e4ebdc1ec6e518f | AE49: https://www.france-montagnes.com/sit/hirmentaz-570526/
A50: La Clusaz | B50: Station (France Montagnes) | C50: Alpes du Nord | D50: Haute-Savoie | E50: 74220 | F50: La Clusaz | G50: 74080 | H50: En activité | I50: 45.9067 | J50: 6.4222 | K50: 1104 | L50: La Clusaz | M50: 1030 | N50: 2476 | O50: =IF(OR(M50="",N50=""),"",N50-M50) -> 1446 | P50: 1541 | Q50: 0.104 | R50: 97.1 | S50: 148 | T50: 51 | U50: 29 | V50: 60 | W50: 47 | X50: 11 | Y50: 1 | Z50: 0.36 | AA50: https://www.laclusaz.com/ | AC50: https://anmsm.media.tourinsoft.eu/upload/PLAN-Laclusaz-2023-6.pdf | AD50: 9cb83fdd2a49011eec76e3d1bbc2af8f582888a9 | AE50: https://www.france-montagnes.com/sit/la-clusaz-statanmsm01740014/
A51: La Daille | B51: Station (France Montagnes) | C51: Alpes du Nord | D51: Savoie | E51: 73150 | F51: Val-d'Isère | G51: 73304 | H51: En activité | I51: 45.46162 | J51: 6.96354 | K51: 1795 | L51: Tignes - Val d'Isère | M51: 1559 | N51: 3456 | O51: =IF(OR(M51="",N51=""),"",N51-M51) -> 1897 | P51: 2479 | Q51: 0.925 | R51: 341.5 | S51: 415 | T51: 84 | U51: 68 | V51: 195 | W51: 111 | X51: 30 | Y51: 11 | Z51: 0.07 | AA51: https://reservation.valdisere.com/ | AB51: Ingénie / Genius | AD51: 32dd7f13640a64baef6c2ff8bca5f2b88e7a4b0d
A52: La Giettaz | B52: Station (France Montagnes) | C52: Alpes du Nord | D52: Savoie | E52: 73590 | F52: La Giettaz | G52: 73123 | H52: En activité | I52: 45.862502 | J52: 6.4948237 | K52: 1112 | L52: Les Portes du Mont-Blanc | M52: 1017 | N52: 1925 | O52: =IF(OR(M52="",N52=""),"",N52-M52) -> 908 | P52: 1499 | Q52: 0 | R52: 89.5 | S52: 181 | T52: 30 | U52: 21 | V52: 66 | W52: 66 | X52: 18 | Y52: 10 | Z52: 0.9 | AA52: https://www.valdarly-montblanc.com/villages-stations/la-giettaz-en-aravis/ | AB52: Ingénie / Genius | AC52: https://anmsm.media.tourinsoft.eu/upload/PLAN-des-PISTES-24-25-web3.pdf | AD52: aa87548d9445d366123e7ef7aee40af9d4a78dff | AE52: https://www.france-montagnes.com/sit/la-giettaz-statanmsm2v50090s/
A53: La Motte d'Aveillans | B53: Station (France Montagnes) | C53: Alpes du Nord | D53: Isère | E53: 38770 | F53: La Motte-d'Aveillans | G53: 38265 | H53: En activité | I53: 44.954016 | J53: 5.740704 | K53: 856 | L53: Les Signaraux | M53: 1280 | N53: 1420 | O53: =IF(OR(M53="",N53=""),"",N53-M53) -> 140 | P53: 1366 | Q53: 0 | R53: 2.5 | S53: 6 | T53: 1 | V53: 3 | W53: 3 | Z53: 2.22 | AD53: d881e086bdedffcf5d8b3cbb52af93f2e1684110 | AE53: https://www.france-montagnes.com/sit/la-motte-daveillans-28961/
A54: La Norma | B54: Station (France Montagnes) | C54: Alpes du Nord | D54: Savoie | E54: 73500 | F54: Villarodin-Bourget | G54: 73322 | H54: En activité | I54: 45.199 | J54: 6.6997 | K54: 1480 | L54: Espace Haute Maurienne Vanoise | M54: 1306 | N54: 2952 | O54: =IF(OR(M54="",N54=""),"",N54-M54) -> 1646 | P54: 2087 | Q54: 0.557 | R54: 255.4 | S54: 402 | T54: 79 | U54: 108 | V54: 136 | W54: 112 | X54: 20 | Y54: 26 | Z54: 0.04 | AA54: https://reservation.haute-maurienne-vanoise.com/ac54-la-norma.htm | AB54: Open System | AC54: https://anmsm.media.tourinsoft.eu/upload/Plan-pistes-la-Norma-2025-26.jpg | AD54: 44ee1a2c1392b07916bca601bb15230dca87e420 | AE54: https://www.france-montagnes.com/sit/la-norma-statanmsm01730015/
A55: La Plagne | B55: Station (France Montagnes) | C55: Alpes du Nord | D55: Savoie | E55: 73210 | F55: La Plagne Tarentaise | G55: 73150 | H55: En activité | I55: 45.508 | J55: 6.6786 | K55: 1966 | L55: Paradiski (Les Arcs – La Plagne) | M55: 1199 | N55: 3216 | O55: =IF(OR(M55="",N55=""),"",N55-M55) -> 2017 | P55: 2076 | Q55: 0.598 | R55: 487.8 | S55: 680 | T55: 87 | U55: 47 | V55: 395 | W55: 150 | X55: 60 | Y55: 28 | Z55: 0.09 | AA55: https://www.laplagneresort.com/ | AB55: Ceto / Orchestra | AC55: https://anmsm.media.tourinsoft.eu/upload/PlanPistesParadiski2026-compressed.pdf | AD55: dec537b602584db89d89ab114a619f1ae356398e | AE55: https://www.france-montagnes.com/sit/la-plagne-statanmsm01730016/
A56: La Plagne Montalbert | B56: Station (France Montagnes) | C56: Alpes du Nord | D56: Savoie | E56: 73210 | F56: Aime-la-Plagne | G56: 73006 | H56: En activité | I56: 45.535055 | J56: 6.637709 | K56: 1357 | L56: Paradiski (Les Arcs – La Plagne) | M56: 1199 | N56: 3216 | O56: =IF(OR(M56="",N56=""),"",N56-M56) -> 2017 | P56: 2076 | Q56: 0.598 | R56: 487.8 | S56: 680 | T56: 87 | U56: 47 | V56: 395 | W56: 150 | X56: 60 | Y56: 28 | Z56: 0.04 | AA56: https://www.laplagneresort.com/ | AB56: Ceto / Orchestra | AD56: dec537b602584db89d89ab114a619f1ae356398e | AE56: https://www.france-montagnes.com/sit/la-plagne-montalbert-statanmsm2v502o0h/
A57: La Rosiere | B57: Station (France Montagnes) | C57: Alpes du Nord | D57: Savoie | E57: 73700 | F57: Montvalezan | G57: 73176 | H57: En activité | I57: 45.6312 | J57: 6.8462 | K57: 1817 | L57: La Rosière | M57: 888 | N57: 2807 | O57: =IF(OR(M57="",N57=""),"",N57-M57) -> 1919 | P57: 2046 | Q57: 0.568 | R57: 153.7 | S57: 221 | T57: 29 | U57: 44 | V57: 82 | W57: 65 | X57: 13 | Y57: 17 | Z57: 0.08 | AA57: https://www.larosiere.net/ | AB57: Ingénie / Genius | AC57: https://anmsm.media.tourinsoft.eu/upload/DSR-PLANDESPISTES-2024-2025-WEB.pdf | AD57: f8176e48416adcfc9118014d5c390cd2099a6a18 | AE57: https://www.france-montagnes.com/sit/la-rosiere-statanmsm01730017/
A58: La Tania | B58: Station (France Montagnes) | C58: Alpes du Nord | D58: Savoie | E58: 73120 | F58: Courchevel | G58: 73227 | H58: En activité | I58: 45.43088 | J58: 6.59607 | K58: 1375 | L58: Les Trois Vallées | M58: 1110 | N58: 3223 | O58: =IF(OR(M58="",N58=""),"",N58-M58) -> 2113 | P58: 2252 | Q58: 0.728 | R58: 771.4 | S58: 871 | T58: 142 | U58: 168 | V58: 422 | W58: 222 | X58: 55 | Y58: 4 | Z58: 0.08 | AA58: https://reservation.courchevel.com/?lang=fr_FR | AB58: Ingénie / Genius | AD58: 68b126bc3175516c9263aed7635d14e37ff360dc
A59: La Toussuire | B59: Station (France Montagnes) | C59: Alpes du Nord | D59: Savoie | E59: 73300 | F59: Fontcouverte-la-Toussuire | G59: 73116 | H59: En activité | I59: 45.25364 | J59: 6.26121 | K59: 1692 | L59: Les Sybelles | M59: 1276 | N59: 2588 | O59: =IF(OR(M59="",N59=""),"",N59-M59) -> 1312 | P59: 1940 | Q59: 0.425 | R59: 153.2 | S59: 231 | T59: 65 | U59: 58 | V59: 99 | W59: 50 | X59: 18 | Y59: 6 | Z59: 0.05 | AA59: https://reservation.la-toussuire.com/z14220_fr-.aspx | AB59: Open System | AD59: 775634f8f5f5b0724ecd27d82909b2008d58f7d5 | AE59: https://www.france-montagnes.com/sit/la-toussuire-statanmsm2v502nlx/
A60: Lans En Vercors | B60: Station (France Montagnes) | C60: Alpes du Nord | D60: Isère | E60: 38250 | F60: Lans-en-Vercors | G60: 38205 | H60: En activité | I60: 45.112882 | J60: 5.6090365 | K60: 1415 | L60: Montagnes de Lans | M60: 1372 | N60: 1789 | O60: =IF(OR(M60="",N60=""),"",N60-M60) -> 417 | P60: 1505 | Q60: 0 | R60: 23 | S60: 49 | T60: 12 | U60: 11 | V60: 23 | W60: 9 | X60: 1 | Y60: 5 | Z60: 0.1 | AA60: https://skipass.lansenvercors.com/fr/ | AB60: Eliberty | AD60: bedf72c84a810f18d415638c44691ccce315a30b | AE60: https://www.france-montagnes.com/sit/lans-en-vercors-statanmsm2v502nr8/
A61: Lanslebourg | B61: Village-station | C61: Alpes du Nord | D61: Savoie | E61: 73480 | F61: Val-Cenis | G61: 73290 | H61: En activité | I61: 45.25099 | J61: 6.93252 | K61: 2243 | L61: Espace Haute Maurienne Vanoise | M61: 1306 | N61: 2952 | O61: =IF(OR(M61="",N61=""),"",N61-M61) -> 1646 | P61: 2087 | Q61: 0.557 | R61: 255.4 | S61: 402 | T61: 79 | U61: 108 | V61: 136 | W61: 112 | X61: 20 | Y61: 26 | Z61: 1.03 | AA61: https://reservation.haute-maurienne-vanoise.com/ac57-val-cenis.htm | AB61: Open System | AD61: 44ee1a2c1392b07916bca601bb15230dca87e420
A62: Lanslevillard | B62: Village-station | C62: Alpes du Nord | D62: Savoie | E62: 73480 | F62: Val-Cenis | G62: 73290 | H62: En activité | I62: 45.29891 | J62: 6.92929 | K62: 1760 | L62: Espace Haute Maurienne Vanoise | M62: 1306 | N62: 2952 | O62: =IF(OR(M62="",N62=""),"",N62-M62) -> 1646 | P62: 2087 | Q62: 0.557 | R62: 255.4 | S62: 402 | T62: 79 | U62: 108 | V62: 136 | W62: 112 | X62: 20 | Y62: 26 | Z62: 1.09 | AA62: https://reservation.haute-maurienne-vanoise.com/ac57-val-cenis.htm | AB62: Open System | AD62: 44ee1a2c1392b07916bca601bb15230dca87e420
A63: Le Barioz Alpin | B63: Station (France Montagnes) | C63: Alpes du Nord | D63: Isère | E63: 38580 | F63: Allevard | G63: 38006 | H63: En activité | I63: 45.39769 | J63: 6.08534 | K63: 665 | L63: Le Collet d'Allevard | M63: 1421 | N63: 2086 | O63: =IF(OR(M63="",N63=""),"",N63-M63) -> 665 | P63: 1669 | Q63: 0.038 | R63: 24.3 | S63: 51 | T63: 10 | U63: 15 | V63: 16 | W63: 15 | X63: 4 | Y63: 1 | Z63: 1.88 | AD63: 8684d1f2a8bbdfc26c5ff0bed6e0098050c1da01 | AE63: https://www.france-montagnes.com/sit/le-barioz-alpin-29330/
A64: Le Bettex | B64: Village-station | C64: Alpes du Nord | D64: Haute-Savoie | E64: 74170 | F64: Saint-Gervais-les-Bains | G64: 74236 | H64: En activité | I64: 45.87373 | J64: 6.6868 | K64: 1395 | L64: Megève | M64: 820 | N64: 2373 | O64: =IF(OR(M65="",N65=""),"",N65-M65) -> 1553 | P64: 1650 | Q64: 0.044 | R64: 159.5 | S64: 245 | T64: 61 | U64: 54 | V64: 66 | W64: 85 | X64: 28 | Y64: 12 | Z64: 0.02 | AD64: 97a14cedc5b0e781e9bd9857df1426b9376c7462
A65: Le Chinaillon | B65: Station (France Montagnes) | C65: Alpes du Nord | D65: Haute-Savoie | E65: 74450 | F65: Le Grand-Bornand | G65: 74136 | H65: En activité | I65: 45.97354 | J65: 6.45524 | K65: 1267 | L65: Le Grand-Bornand | M65: 930 | N65: 2028 | O65: =IF(OR(M66="",N66=""),"",N66-M66) -> 1098 | P65: 1510 | Q65: 0.008 | R65: 59.3 | S65: 121 | T65: 26 | U65: 46 | V65: 47 | W65: 18 | X65: 5 | Y65: 5 | Z65: 0.09 | AA65: https://www.legrandbornand.com/ | AD65: 8af93a64c41b59fca4705d30c106ef29fb24e042
A66: Le Col De Marcieu - Chartreuse | B66: Station (France Montagnes) | C66: Alpes du Nord | D66: Isère | E66: 38660 | F66: Plateau-des-Petites-Roches | G66: 38395 | H66: En activité | I66: 45.355948 | J66: 5.9190149 | K66: 1067 | L66: Col de Marcieu | M66: 1021 | N66: 1273 | O66: =IF(OR(M67="",N67=""),"",N67-M67) -> 252 | P66: 1094 | Q66: 0 | R66: 2.9 | S66: 9 | T66: 3 | U66: 3 | V66: 4 | W66: 2 | Z66: 0.06 | AA66: https://col-marcieu.com/ | AD66: e9aa7f43df26ae35e5f7c4f86a9e885ac2141be0 | AE66: https://www.france-montagnes.com/sit/le-col-de-marcieu-chartreuse-statanmsm2v5030gm/
A67: Le Collet | B67: Station (France Montagnes) | C67: Alpes du Nord | D67: Isère | E67: 38580 | F67: Allevard | G67: 38006 | H67: En activité | I67: 45.395198 | J67: 6.1101598 | K67: 1455 | L67: Le Collet d'Allevard | M67: 1421 | N67: 2086 | O67: =IF(OR(M68="",N68=""),"",N68-M68) -> 665 | P67: 1669 | Q67: 0.038 | R67: 24.3 | S67: 51 | T67: 10 | U67: 15 | V67: 16 | W67: 15 | X67: 4 | Y67: 1 | Z67: 0.08 | AA67: https://reservation.lecollet.com/ | AB67: Ingénie / Genius | AD67: 8684d1f2a8bbdfc26c5ff0bed6e0098050c1da01 | AE67: https://www.france-montagnes.com/sit/le-collet-statanmsm2v5030gk/
A68: Le Corbier | B68: Station (France Montagnes) | C68: Alpes du Nord | D68: Savoie | E68: 73300 | F68: Villarembert | G68: 73318 | H68: En activité | I68: 45.239662 | J68: 6.268214 | K68: 1563 | L68: Les Sybelles | M68: 1276 | N68: 2588 | O68: =IF(OR(M69="",N69=""),"",N69-M69) -> 1312 | P68: 1940 | Q68: 0.425 | R68: 153.2 | S68: 231 | T68: 65 | U68: 58 | V68: 99 | W68: 50 | X68: 18 | Y68: 6 | Z68: 0.02 | AA68: https://www.le-corbier.com/ | AB68: Ingénie / Genius | AC68: https://anmsm.media.tourinsoft.eu/upload/Plan-des-pistes-24-25-BLEU-HORIZONTAL-fevrier-2025.pdf | AD68: 775634f8f5f5b0724ecd27d82909b2008d58f7d5 | AE68: https://www.france-montagnes.com/sit/le-corbier-statanmsm01730021/
A69: Le Fornet | B69: Station (France Montagnes) | C69: Alpes du Nord | D69: Savoie | E69: 73150 | F69: Val-d'Isère | G69: 73304 | H69: En activité | I69: 45.44996 | J69: 7.01057 | K69: 1932 | L69: Tignes - Val d'Isère | M69: 1559 | N69: 3456 | O69: =IF(OR(M70="",N70=""),"",N70-M70) -> 1897 | P69: 2479 | Q69: 0.925 | R69: 341.5 | S69: 415 | T69: 84 | U69: 68 | V69: 195 | W69: 111 | X69: 30 | Y69: 11 | Z69: 0.18 | AA69: https://reservation.valdisere.com/ | AB69: Ingénie / Genius | AD69: 32dd7f13640a64baef6c2ff8bca5f2b88e7a4b0d
A70: Le Grand-Bornand | B70: Station (France Montagnes) | C70: Alpes du Nord | D70: Haute-Savoie | E70: 74450 | F70: Le Grand-Bornand | G70: 74136 | H70: En activité | I70: 45.9433 | J70: 6.4258 | K70: 963 | L70: Le Grand-Bornand | M70: 930 | N70: 2028 | O70: =IF(OR(M71="",N71=""),"",N71-M71) -> 1098 | P70: 1510 | Q70: 0.008 | R70: 59.3 | S70: 121 | T70: 26 | U70: 46 | V70: 47 | W70: 18 | X70: 5 | Y70: 5 | Z70: 0.73 | AA70: https://www.legrandbornand.com/ | AC70: https://anmsm.media.tourinsoft.eu/upload/plandespistes-grandbornand-2026-lumiplan-light.pdf | AD70: 8af93a64c41b59fca4705d30c106ef29fb24e042 | AE70: https://www.france-montagnes.com/sit/le-grand-bornand-statanmsm01740015/
A71: Le Granier | B71: Station (France Montagnes) | C71: Alpes du Nord | D71: Isère | E71: 38380 | F71: Saint-Pierre-d'Entremont | G71: 38446 | H71: En activité (bénévole) | I71: 45.38975 | J71: 5.84543 | K71: 933 | L71: Saint-Pierre-de-Chartreuse | M71: 1083 | N71: 1746 | O71: =IF(OR(M72="",N72=""),"",N72-M72) -> 663 | P71: 1332 | Q71: 0 | R71: 7.2 | S71: 15 | T71: 10 | U71: 7 | V71: 5 | W71: 3 | Z71: 2.39 | AD71: fb8c023a1130cfc9e34a489eaba81de907ca708c | AE71: https://www.france-montagnes.com/sit/le-granier-29138/
A72: Le Planolet | B72: Station (France Montagnes) | C72: Alpes du Nord | D72: Isère | E72: 38380 | F72: Saint-Pierre-d'Entremont | G72: 38446 | H72: En activité (associatif) | I72: 45.396453 | J72: 5.843876 | K72: 882 | L72: Saint-Pierre-de-Chartreuse | M72: 1083 | N72: 1746 | O72: =IF(OR(M73="",N73=""),"",N73-M73) -> 663 | P72: 1332 | Q72: 0 | R72: 7.2 | S72: 15 | T72: 10 | U72: 7 | V72: 5 | W72: 3 | Z72: 3.11 | AD72: fb8c023a1130cfc9e34a489eaba81de907ca708c | AE72: https://www.france-montagnes.com/sit/le-planolet-29159/
A73: Le Pleynet | B73: Village-station | C73: Alpes du Nord | D73: Isère | E73: 38580 | F73: Le Haut-Bréda | G73: 38163 | H73: En activité | I73: 45.27233 | J73: 6.05559 | K73: 1443 | L73: Les 7 Laux | M73: 1330 | N73: 2373 | O73: =IF(OR(M74="",N74=""),"",N74-M74) -> 1043 | P73: 1743 | Q73: 0.162 | R73: 53.8 | S73: 102 | T73: 23 | U73: 32 | V73: 31 | W73: 25 | X73: 12 | Y73: 2 | Z73: 0.06 | AA73: https://www.les7laux.com/hiver/ | AB73: Open System | AD73: 8902d1f9fe9945cf5b72b9a2c100b24c064e3abd
A74: Le Reposoir | B74: Station (France Montagnes) | C74: Alpes du Nord | D74: Haute-Savoie | E74: 74950 | F74: Le Reposoir | G74: 74221 | H74: En activité | I74: 46.01394 | J74: 6.53262 | K74: 1086 | L74: Le Reposoir | M74: 978 | N74: 1080 | O74: =IF(OR(M75="",N75=""),"",N75-M75) -> 102 | P74: 1008 | Q74: 0 | R74: 0.9 | S74: 8 | T74: 3 | U74: 2 | V74: 1 | W74: 1 | Y74: 4 | Z74: 0.46 | AD74: 640afa6ad64752363508b283c2daacb6c7af415e | AE74: https://www.france-montagnes.com/sit/le-reposoir-29177/
A75: Le Semnoz | B75: Station (France Montagnes) | C75: Alpes du Nord | D75: Haute-Savoie | E75: 74320 | F75: Leschaux | G75: 74148 | H75: En activité | I75: 45.7885 | J75: 6.103 | K75: 1570 | L75: Le Semnoz | M75: 1412 | N75: 1694 | O75: =IF(OR(M76="",N76=""),"",N76-M76) -> 282 | P75: 1570 | Q75: 0 | R75: 15.1 | S75: 24 | T75: 9 | U75: 14 | V75: 4 | W75: 6 | Z75: 0.13 | AD75: 2e9d70faa56cc3f9b5837573f439a1f040c60a7d | AE75: https://www.france-montagnes.com/sit/le-semnoz-29240/
A76: Le Tour | B76: Station (France Montagnes) | C76: Alpes du Nord | D76: Haute-Savoie | E76: 74400 | F76: Chamonix-Mont-Blanc | G76: 74056 | H76: En activité | I76: 46.00231 | J76: 6.94623 | K76: 1467 | L76: Balme - Vallorcine | M76: 1262 | N76: 2255 | O76: =IF(OR(M77="",N77=""),"",N77-M77) -> 993 | P76: 1960 | Q76: 0.382 | R76: 44.1 | S76: 104 | T76: 9 | V76: 28 | W76: 75 | X76: 1 | Z76: 0.1 | AA76: https://booking.chamonix.com/fr/ | AB76: Ceto / Orchestra | AD76: 778cf1cb898c18902972765463f338721dac88b3
A77: Les 2 Alpes | B77: Station (France Montagnes) | C77: Alpes du Nord | D77: Isère | E77: 38860 | F77: Les Deux Alpes | G77: 38253 | H77: En activité | I77: 45.0067 | J77: 6.1228 | K77: 1645 | L77: Les Deux Alpes | M77: 1284 | N77: 3511 | O77: =IF(OR(M78="",N78=""),"",N78-M78) -> 2227 | P77: 2500 | Q77: 0.785 | R77: 144.5 | S77: 250 | T77: 46 | U77: 62 | V77: 137 | W77: 33 | X77: 17 | Y77: 1 | Z77: 0.16 | AA77: https://www.les2alpes.com/hiver/ | AB77: Ingénie / Genius | AC77: https://anmsm.media.tourinsoft.eu/upload/2026-Plan-Hiver-Vo-BD.jpg | AD77: 5bd589496339e89cf9be3d93c86e7e6c41f72208 | AE77: https://www.france-montagnes.com/sit/les-2-alpes-statanmsm01380019/
A78: Les 7 Laux | B78: Station (France Montagnes) | C78: Alpes du Nord | D78: Isère | E78: 38190 | F78: Les Adrets | G78: 38002 | H78: En activité | I78: 45.25654 | J78: 5.9931215 | K78: 1335 | L78: Les 7 Laux | M78: 1330 | N78: 2373 | O78: =IF(OR(M79="",N79=""),"",N79-M79) -> 1043 | P78: 1743 | Q78: 0.162 | R78: 53.8 | S78: 102 | T78: 23 | U78: 32 | V78: 31 | W78: 25 | X78: 12 | Y78: 2 | Z78: 0.1 | AA78: https://www.les7laux.com/hiver/ | AB78: Open System | AC78: https://anmsm.media.tourinsoft.eu/upload/documentation-7L20PP-FR-7-.pdf | AD78: 8902d1f9fe9945cf5b72b9a2c100b24c064e3abd | AE78: https://www.france-montagnes.com/sit/les-7-laux-statanmsm01380020/
A79: Les Arcs Bourg St Maurice | B79: Station (France Montagnes) | C79: Alpes du Nord | D79: Savoie | E79: 73700 | F79: Bourg-Saint-Maurice | G79: 73054 | H79: En activité | I79: 45.575 | J79: 6.7826 | K79: 1738 | L79: Paradiski (Les Arcs – La Plagne) | M79: 1199 | N79: 3216 | O79: =IF(OR(M80="",N80=""),"",N80-M80) -> 2017 | P79: 2076 | Q79: 0.598 | R79: 487.8 | S79: 680 | T79: 87 | U79: 47 | V79: 395 | W79: 150 | X79: 60 | Y79: 28 | Z79: 0.02 | AA79: https://www.lesarcs.com/ | AD79: dec537b602584db89d89ab114a619f1ae356398e | AE79: https://www.france-montagnes.com/sit/les-arcs-bourg-st-maurice-statanmsm01730028/
A80: Les Bottières | B80: Village-station | C80: Alpes du Nord | D80: Savoie | E80: 73300 | F80: Saint-Pancrace | G80: 73267 | H80: En activité | I80: 45.26573 | J80: 6.29639 | K80: 1279 | L80: Les Sybelles | M80: 1276 | N80: 2588 | O80: =IF(OR(M81="",N81=""),"",N81-M81) -> 1312 | P80: 1940 | Q80: 0.425 | R80: 153.2 | S80: 231 | T80: 65 | U80: 58 | V80: 99 | W80: 50 | X80: 18 | Y80: 6 | Z80: 0.01 | AA80: https://reservation.la-toussuire.com/z14220_fr-.aspx | AB80: Open System | AD80: 775634f8f5f5b0724ecd27d82909b2008d58f7d5
A81: Les Brasses | B81: Station (France Montagnes) | C81: Alpes du Nord | D81: Haute-Savoie | E81: 74490 | F81: Onnion | G81: 74205 | H81: En activité | I81: 46.19197 | J81: 6.46216 | K81: 1276 | L81: Massif des Brasses | M81: 922 | N81: 1491 | O81: =IF(OR(M82="",N82=""),"",N82-M82) -> 569 | P81: 1280 | Q81: 0 | R81: 16.2 | S81: 34 | T81: 11 | U81: 4 | V81: 10 | W81: 14 | X81: 2 | Y81: 4 | Z81: 1.94 | AD81: 45a940355cca76e598e2a54c273e06cd0916e04f | AE81: https://www.france-montagnes.com/sit/les-brasses-29183/
A82: Les Carroz d'Araches | B82: Station (France Montagnes) | C82: Alpes du Nord | D82: Haute-Savoie | E82: 74300 | F82: Arâches-la-Frasse | G82: 74014 | H82: En activité | I82: 46.03816 | J82: 6.63603 | K82: 1030 | L82: Le Grand Massif | M82: 682 | N82: 2485 | O82: =IF(OR(M83="",N83=""),"",N83-M83) -> 1803 | P82: 1698 | Q82: 0.198 | R82: 385 | S82: 444 | T82: 72 | U82: 128 | V82: 189 | W82: 92 | X82: 25 | Y82: 10 | Z82: 1.42 | AA82: https://reservation.lescarroz.com/ | AB82: Ingénie / Genius | AD82: efaa82d7ae8e42868f19ed2abb8001f518a404d0 | AE82: https://www.france-montagnes.com/sit/les-carroz-daraches-28553/
A83: Les Coches | B83: Station (France Montagnes) | C83: Alpes du Nord | D83: Savoie | E83: 73210 | F83: La Plagne Tarentaise | G83: 73150 | H83: En activité | I83: 45.55429 | J83: 6.73056 | K83: 1392 | L83: Paradiski (Les Arcs – La Plagne) | M83: 1199 | N83: 3216 | O83: =IF(OR(M84="",N84=""),"",N84-M84) -> 2017 | P83: 2076 | Q83: 0.598 | R83: 487.8 | S83: 680 | T83: 87 | U83: 47 | V83: 395 | W83: 150 | X83: 60 | Y83: 28 | Z83: 0.06 | AA83: https://www.laplagneresort.com/ | AB83: Ceto / Orchestra | AD83: dec537b602584db89d89ab114a619f1ae356398e
A84: Les Contamines Montjoie | B84: Station (France Montagnes) | C84: Alpes du Nord | D84: Haute-Savoie | E84: 74170 | F84: Les Contamines-Montjoie | G84: 74085 | H84: En activité | I84: 45.8217 | J84: 6.7285 | K84: 1175 | L84: Les Contamines | M84: 1158 | N84: 2444 | O84: =IF(OR(M85="",N85=""),"",N85-M85) -> 1286 | P84: 1887 | Q84: 0.247 | R84: 72.2 | S84: 95 | T84: 27 | U84: 10 | V84: 38 | W84: 30 | X84: 15 | Y84: 2 | Z84: 0.49 | AA84: https://www.lescontamines.net/ | AC84: https://anmsm.media.tourinsoft.eu/upload/Plan-Les-Contamines-2019-2020-V2-HD---logo.jpg | AD84: 10f2ef5a778b65fdea26f0662b08e83c8b979356 | AE84: https://www.france-montagnes.com/sit/les-contamines-montjoie-statanmsm01740019/
A85: Les Gets | B85: Station (France Montagnes) | C85: Alpes du Nord | D85: Haute-Savoie | E85: 74260 | F85: Les Gets | G85: 74134 | H85: En activité | I85: 46.157635 | J85: 6.662303 | K85: 1234 | L85: Portes du Soleil (versant français) | M85: 920 | N85: 2230 | O85: =IF(OR(M86="",N86=""),"",N86-M86) -> 1310 | P85: 1565 | Q85: 0.047 | R85: 493.7 | S85: 762 | T85: 195 | U85: 120 | V85: 357 | W85: 210 | X85: 32 | Y85: 43 | Z85: 0.41 | AD85: d2b0e7c59ecf744d36ed6af54c15743910092fe2 | AE85: https://www.france-montagnes.com/sit/les-gets-28559/
A86: Les Houches | B86: Station (France Montagnes) | C86: Alpes du Nord | D86: Haute-Savoie | E86: 74310 | F86: Les Houches | G86: 74143 | H86: En activité | I86: 45.8893 | J86: 6.8019 | K86: 1046 | L86: Les Houches - Saint-Gervais | M86: 978 | N86: 1887 | O86: =IF(OR(M87="",N87=""),"",N87-M87) -> 909 | P86: 1670 | Q86: 0 | R86: 36.5 | S86: 71 | T86: 15 | U86: 6 | V86: 33 | W86: 25 | X86: 7 | Z86: 0.14 | AA86: https://www.chamonix.com/la-vallee/les-stations-villages/les-houches | AC86: https://anmsm.media.tourinsoft.eu/upload/Plan-Hiver-HCH-2.pdf | AD86: ea9dfe26da36c33e8cf007b22b628c153ac69ab4 | AE86: https://www.france-montagnes.com/sit/les-houches-statanmsm01740022/
A87: Les Karellis | B87: Station (France Montagnes) | C87: Alpes du Nord | D87: Savoie | E87: 73870 | F87: Montricher-Albanne | G87: 73173 | H87: En activité | I87: 45.224 | J87: 6.3917 | K87: 1977 | L87: Les Karellis | M87: 1550 | N87: 2484 | O87: =IF(OR(M88="",N88=""),"",N88-M88) -> 934 | P87: 2013 | Q87: 0.517 | R87: 45.1 | S87: 53 | T87: 14 | U87: 14 | V87: 13 | W87: 20 | X87: 4 | Y87: 2 | Z87: 0.05 | AA87: https://www.karellis-reservation.com/ | AC87: https://anmsm.media.tourinsoft.eu/upload/Karellis-2019-2020-ALPIN-V1-HD-2.jpg | AD87: a3f181286a5893208aa7d7b7d1704bb923673003 | AE87: https://www.france-montagnes.com/sit/les-karellis-statanmsm01730029/
A88: Les Menuires | B88: Station (France Montagnes) | C88: Alpes du Nord | D88: Savoie | E88: 73440 | F88: Les Belleville | G88: 73257 | H88: En activité | I88: 45.324 | J88: 6.5385 | K88: 1812 | L88: Les Trois Vallées | M88: 1110 | N88: 3223 | O88: =IF(OR(M89="",N89=""),"",N89-M89) -> 2113 | P88: 2252 | Q88: 0.728 | R88: 771.4 | S88: 871 | T88: 142 | U88: 168 | V88: 422 | W88: 222 | X88: 55 | Y88: 4 | Z88: 0.03 | AA88: https://fr.locationlesmenuires.com/ | AB88: Ingénie / Genius | AC88: https://anmsm.media.tourinsoft.eu/upload/plan-pistes-Menuires-Saint-Martin-2.pdf | AD88: 68b126bc3175516c9263aed7635d14e37ff360dc | AE88: https://www.france-montagnes.com/sit/les-menuires-statanmsm01730030/
A89: Les Saisies | B89: Station (France Montagnes) | C89: Alpes du Nord | D89: Savoie | E89: 73620 | F89: Hauteluce | G89: 73132 | H89: En activité | I89: 45.7547 | J89: 6.5388 | K89: 1601 | L89: Espace Diamant | M89: 949 | N89: 2054 | O89: =IF(OR(M90="",N90=""),"",N90-M90) -> 1105 | P89: 1660 | Q89: 0.014 | R89: 225.6 | S89: 333 | T89: 85 | U89: 68 | V89: 165 | W89: 74 | X89: 13 | Y89: 13 | Z89: 0.02 | AA89: https://reservation.lessaisies.com/ | AB89: Ingénie / Genius | AC89: https://anmsm.media.tourinsoft.eu/upload/plan-espace-diamant-18-19.pdf | AD89: 0345d73f7a4bf0f49815ccb16306a3ec6371544b | AE89: https://www.france-montagnes.com/sit/les-saisies-statanmsm01730031/
A90: Lullin | B90: Station (France Montagnes) | C90: Alpes du Nord | D90: Haute-Savoie | E90: 74470 | F90: Lullin | G90: 74155 | H90: En activité | I90: 46.277761 | J90: 6.513648 | K90: 899 | L90: Stade de neige du Col du Feu | M90: 1082 | N90: 1167 | O90: =IF(OR(M91="",N91=""),"",N91-M91) -> 85 | P90: 1134 | Q90: 0 | R90: 0.9 | S90: 5 | T90: 1 | U90: 2 | V90: 2 | W90: 1 | Z90: 0.91 | AD90: f990e97d00662ee7400316c6929dfee384d1c4c9 | AE90: https://www.france-montagnes.com/sit/lullin-29243/
A91: Lus la Croix Haute | B91: Station (France Montagnes) | C91: Alpes du Nord | D91: Drôme | E91: 26620 | F91: Lus-la-Croix-Haute | G91: 26168 | H91: En activité | I91: 44.67523 | J91: 5.718907 | K91: 1133 | L91: Lus la Jarjatte | M91: 1180 | N91: 1518 | O91: =IF(OR(M92="",N92=""),"",N92-M92) -> 338 | P91: 1330 | Q91: 0 | R91: 6.4 | S91: 13 | T91: 4 | U91: 2 | V91: 7 | W91: 2 | Y91: 2 | Z91: 3.1 | AD91: 2d228a1bd746049bc270a45194718c67926e8b31 | AE91: https://www.france-montagnes.com/sit/lus-la-croix-haute-29291/
A92: Manigod/Col de Merdassier | B92: Station (France Montagnes) | C92: Alpes du Nord | D92: Haute-Savoie | E92: 74230 | F92: Manigod | G92: 74160 | H92: En activité | I92: 45.861977 | J92: 6.413518 | K92: 1503 | L92: La Clusaz | M92: 1030 | N92: 2476 | O92: =IF(OR(M93="",N93=""),"",N93-M93) -> 1446 | P92: 1541 | Q92: 0.104 | R92: 97.1 | S92: 148 | T92: 51 | U92: 29 | V92: 60 | W92: 47 | X92: 11 | Y92: 1 | Z92: 0.02 | AD92: 9cb83fdd2a49011eec76e3d1bbc2af8f582888a9 | AE92: https://www.france-montagnes.com/sit/manigod-col-de-merdassier-29246/
A93: Megevette | B93: Station (France Montagnes) | C93: Alpes du Nord | D93: Haute-Savoie | E93: 74490 | F93: Mégevette | G93: 74174 | H93: En activité | I93: 46.20471 | J93: 6.502029 | K93: 888 | L93: Hirmentaz - Les Habères | M93: 940 | N93: 1604 | O93: =IF(OR(M94="",N94=""),"",N94-M94) -> 664 | P93: 1324 | Q93: 0 | R93: 22.7 | S93: 44 | T93: 20 | U93: 6 | V93: 18 | W93: 18 | X93: 2 | Z93: 2.75 | AD93: 28bc6b32b26b2c57edacb1c31e4ebdc1ec6e518f | AE93: https://www.france-montagnes.com/sit/megevette-29252/
A94: Megève | B94: Station (France Montagnes) | C94: Alpes du Nord | D94: Haute-Savoie | E94: 74120 | F94: Megève | G94: 74173 | H94: En activité | I94: 45.856704 | J94: 6.617934 | K94: 1101 | L94: Megève | M94: 820 | N94: 2373 | O94: =IF(OR(M95="",N95=""),"",N95-M95) -> 1553 | P94: 1650 | Q94: 0.044 | R94: 159.5 | S94: 245 | T94: 61 | U94: 54 | V94: 66 | W94: 85 | X94: 28 | Y94: 12 | Z94: 0.15 | AD94: 97a14cedc5b0e781e9bd9857df1426b9376c7462 | AE94: https://www.france-montagnes.com/sit/megeve-28586/
A95: Meribel | B95: Station (France Montagnes) | C95: Alpes du Nord | D95: Savoie | E95: 73550 | F95: Les Allues | G95: 73015 | H95: En activité | I95: 45.39367 | J95: 6.56586 | K95: 1435 | L95: Les Trois Vallées | M95: 1110 | N95: 3223 | O95: =IF(OR(M96="",N96=""),"",N96-M96) -> 2113 | P95: 2252 | Q95: 0.728 | R95: 771.4 | S95: 871 | T95: 142 | U95: 168 | V95: 422 | W95: 222 | X95: 55 | Y95: 4 | Z95: 0.08 | AA95: https://reservations.meribel.net/?lang=fr_FR | AB95: Ceto / Orchestra | AC95: https://anmsm.media.tourinsoft.eu/upload/Plan-des-pistes-7.pdf | AD95: 68b126bc3175516c9263aed7635d14e37ff360dc | AE95: https://www.france-montagnes.com/sit/meribel-statanmsm01730032/
A96: Mont-Saxonnex | B96: Station (France Montagnes) | C96: Alpes du Nord | D96: Haute-Savoie | E96: 74130 | F96: Mont-Saxonnex | G96: 74189 | H96: En activité | I96: 46.053592 | J96: 6.488259 | K96: 959 | L96: Mont Saxonnex | M96: 1037 | N96: 1544 | O96: =IF(OR(M97="",N97=""),"",N97-M97) -> 507 | P96: 1415 | Q96: 0 | R96: 6.9 | S96: 12 | T96: 6 | U96: 4 | V96: 3 | W96: 5 | Z96: 0.45 | AD96: 1ca45b70baf2190fa1c8b8e33a3e31adc16ee952 | AE96: https://www.france-montagnes.com/sit/mont-saxonnex-29255/
A97: Montchavin La Plagne | B97: Station (France Montagnes) | C97: Alpes du Nord | D97: Savoie | E97: 73210 | F97: La Plagne Tarentaise | G97: 73150 | H97: En activité | I97: 45.56042 | J97: 6.7360178 | K97: 1173 | L97: Paradiski (Les Arcs – La Plagne) | M97: 1199 | N97: 3216 | O97: =IF(OR(M98="",N98=""),"",N98-M98) -> 2017 | P97: 2076 | Q97: 0.598 | R97: 487.8 | S97: 680 | T97: 87 | U97: 47 | V97: 395 | W97: 150 | X97: 60 | Y97: 28 | Z97: 0.11 | AA97: https://www.laplagneresort.com/ | AB97: Ceto / Orchestra | AC97: https://anmsm.media.tourinsoft.eu/upload/PlanPistesParadiski2024-LaPlagne-LesArcs-Peisey-Vallandry.pdf | AD97: dec537b602584db89d89ab114a619f1ae356398e | AE97: https://www.france-montagnes.com/sit/montchavin-la-plagne-statanmsm01730034/
A98: Montmin | B98: Station (France Montagnes) | C98: Alpes du Nord | D98: Haute-Savoie | E98: 74290 | F98: Talloires-Montmin | G98: 74275 | H98: En activité | I98: 45.8043 | J98: 6.2367 | K98: 668 | L98: Montmin - Col de la Forclaz | M98: 1103 | N98: 1190 | O98: =IF(OR(M99="",N99=""),"",N99-M99) -> 87 | P98: 1131 | Q98: 0 | R98: 1.5 | S98: 6 | T98: 2 | U98: 2 | V98: 2 | W98: 2 | Z98: 0.76 | AD98: 4ba5aeea5ff89e0767fe88c0d4ce69e4e114fa51 | AE98: https://www.france-montagnes.com/sit/montmin-29228/
A99: Montriond | B99: Station (France Montagnes) | C99: Alpes du Nord | D99: Haute-Savoie | E99: 74110 | F99: Montriond | G99: 74188 | H99: En activité | I99: 46.209504 | J99: 6.721335 | K99: 1070 | L99: Portes du Soleil (versant français) | M99: 920 | N99: 2230 | O99: =IF(OR(M100="",N100=""),"",N100-M100) -> 1310 | P99: 1565 | Q99: 0.047 | R99: 493.7 | S99: 762 | T99: 195 | U99: 120 | V99: 357 | W99: 210 | X99: 32 | Y99: 43 | Z99: 1.33 | AA99: https://reservation.avoriaz.com/ | AB99: Ingénie / Genius | AD99: d2b0e7c59ecf744d36ed6af54c15743910092fe2 | AE99: https://www.france-montagnes.com/sit/montriond-29186/
A100: Morillon | B100: Station (France Montagnes) | C100: Alpes du Nord | D100: Haute-Savoie | E100: 74440 | F100: Morillon | G100: 74190 | H100: En activité | I100: 46.0756 | J100: 6.67214 | K100: 878 | L100: Le Grand Massif | M100: 682 | N100: 2485 | O100: =IF(OR(M101="",N101=""),"",N101-M101) -> 1803 | P100: 1698 | Q100: 0.198 | R100: 385 | S100: 444 | T100: 72 | U100: 128 | V100: 189 | W100: 92 | X100: 25 | Y100: 10 | Z100: 0.22 | AD100: efaa82d7ae8e42868f19ed2abb8001f518a404d0 | AE100: https://www.france-montagnes.com/sit/morillon-570527/
...

Sheet Synthèse
A1: Répartition des stations par massif
A3: Massif | B3: Lignes (stations + villages) | C3: Avec domaine skiable | D3: Distance Paris moyenne (km) | E3: Altitude village moyenne (m) | F3: Haut des pistes le plus élevé (m) | G3: Stations skiant au-dessus de 2 000 m
A4: Alpes du Nord | B4: =COUNTIF(Stations!$C$2:$C$286,$A4) -> 156 | C4: =COUNTIFS(Stations!$C$2:$C$286,$A4,Stations!$N$2:$N$286,">0") -> 156 | D4: =ROUND(SUMIF(Stations!$C$2:$C$286,$A4,Stations!#REF!)/$B4,0) -> #REF! | E4: =ROUND(SUMIF(Stations!$C$2:$C$286,$A4,Stations!$K$2:$K$286)/$B4,0) -> 1371 | F4: =IF($C4=0,"",SUMPRODUCT(MAX((Stations!$C$2:$C$286=$A4)*Stations!$N$2:$N$286))) -> 3511 | G4: =COUNTIFS(Stations!$C$2:$C$286,$A4,Stations!$N$2:$N$286,">=2000") -> 121
A5: Alpes du Sud | B5: =COUNTIF(Stations!$C$2:$C$286,$A5) -> 54 | C5: =COUNTIFS(Stations!$C$2:$C$286,$A5,Stations!$N$2:$N$286,">0") -> 54 | D5: =ROUND(SUMIF(Stations!$C$2:$C$286,$A5,Stations!#REF!)/$B5,0) -> #REF! | E5: =ROUND(SUMIF(Stations!$C$2:$C$286,$A5,Stations!$K$2:$K$286)/$B5,0) -> 1531 | F5: =IF($C5=0,"",SUMPRODUCT(MAX((Stations!$C$2:$C$286=$A5)*Stations!$N$2:$N$286))) -> 2805 | G5: =COUNTIFS(Stations!$C$2:$C$286,$A5,Stations!$N$2:$N$286,">=2000") -> 41
A6: Jura | B6: =COUNTIF(Stations!$C$2:$C$286,$A6) -> 11 | C6: =COUNTIFS(Stations!$C$2:$C$286,$A6,Stations!$N$2:$N$286,">0") -> 11 | D6: =ROUND(SUMIF(Stations!$C$2:$C$286,$A6,Stations!#REF!)/$B6,0) -> #REF! | E6: =ROUND(SUMIF(Stations!$C$2:$C$286,$A6,Stations!$K$2:$K$286)/$B6,0) -> 931 | F6: =IF($C6=0,"",SUMPRODUCT(MAX((Stations!$C$2:$C$286=$A6)*Stations!$N$2:$N$286))) -> 1659 | G6: =COUNTIFS(Stations!$C$2:$C$286,$A6,Stations!$N$2:$N$286,">=2000") -> 0
A7: Massif Central | B7: =COUNTIF(Stations!$C$2:$C$286,$A7) -> 14 | C7: =COUNTIFS(Stations!$C$2:$C$286,$A7,Stations!$N$2:$N$286,">0") -> 13 | D7: =ROUND(SUMIF(Stations!$C$2:$C$286,$A7,Stations!#REF!)/$B7,0) -> #REF! | E7: =ROUND(SUMIF(Stations!$C$2:$C$286,$A7,Stations!$K$2:$K$286)/$B7,0) -> 1075 | F7: =IF($C7=0,"",SUMPRODUCT(MAX((Stations!$C$2:$C$286=$A7)*Stations!$N$2:$N$286))) -> 1834 | G7: =COUNTIFS(Stations!$C$2:$C$286,$A7,Stations!$N$2:$N$286,">=2000") -> 0
A8: Pyrénées | B8: =COUNTIF(Stations!$C$2:$C$286,$A8) -> 34 | C8: =COUNTIFS(Stations!$C$2:$C$286,$A8,Stations!$N$2:$N$286,">0") -> 34 | D8: =ROUND(SUMIF(Stations!$C$2:$C$286,$A8,Stations!#REF!)/$B8,0) -> #REF! | E8: =ROUND(SUMIF(Stations!$C$2:$C$286,$A8,Stations!$K$2:$K$286)/$B8,0) -> 1386 | F8: =IF($C8=0,"",SUMPRODUCT(MAX((Stations!$C$2:$C$286=$A8)*Stations!$N$2:$N$286))) -> 2530 | G8: =COUNTIFS(Stations!$C$2:$C$286,$A8,Stations!$N$2:$N$286,">=2000") -> 27
A9: Vosges | B9: =COUNTIF(Stations!$C$2:$C$286,$A9) -> 16 | C9: =COUNTIFS(Stations!$C$2:$C$286,$A9,Stations!$N$2:$N$286,">0") -> 16 | D9: =ROUND(SUMIF(Stations!$C$2:$C$286,$A9,Stations!#REF!)/$B9,0) -> #REF! | E9: =ROUND(SUMIF(Stations!$C$2:$C$286,$A9,Stations!$K$2:$K$286)/$B9,0) -> 858 | F9: =IF($C9=0,"",SUMPRODUCT(MAX((Stations!$C$2:$C$286=$A9)*Stations!$N$2:$N$286))) -> 1346 | G9: =COUNTIFS(Stations!$C$2:$C$286,$A9,Stations!$N$2:$N$286,">=2000") -> 0
A10: TOTAL | B10: =SUM(B4:B9) -> 285 | C10: =SUM(C4:C9) -> 284 | D10: =ROUND(SUM(Stations!#REF!)/$B10,0) -> #REF! | E10: =ROUND(SUM(Stations!$K$2:$K$286)/$B10,0) -> 1343 | F10: =ROUND(MAX(Stations!$N$2:$N$286),0) -> 3511 | G10: =SUM(G4:G9) -> 189

Sheet Paramètres
A1: Paramètres, sources et limites du fichier
A3: Point de référence | B3: Paris (Notre-Dame)
A4: Latitude référence | B4: 48.8566
A5: Longitude référence | B5: 2.3522
A6: Rayon terrestre (km) | B6: 6371
A8: Sources | B8: Stations, contacts et liens de réservation : France Montagnes (https://www.france-montagnes.com/les-stations-de-ski/), relevé du 18/08/2026, 233 stations. — Altitudes, longueurs de pistes et remontées : OpenSkiMap (https://tiles.openskimap.org/geojson/, export du 17/08/2026), qui agrège OpenStreetMap. — Altitude du village : IGN, RGE ALTI via l'API altimétrie de la Géoplateforme.
A9: Distance Paris (km) | B9: Distance orthodromique (à vol d'oiseau) calculée par formule depuis B4/B5. Ce n'est PAS une distance routière : comptez environ 1,25 à 1,4 fois cette valeur par la route. Modifiez B4/B5 pour recalculer depuis un autre point de départ.
A10: Altitude village (m) | B10: Altitude du sol au point exact de la station (coordonnées des colonnes F/G), interrogée sur le modèle numérique de terrain RGE ALTI de l'IGN. C'est l'altitude du village ou du front de neige, pas celle du domaine.
A11: Bas / haut des pistes | B11: Altitudes minimale et maximale relevées sur les tracés de pistes alpines du domaine skiable rattaché, calculées sur les 14 616 pistes françaises en exploitation d'OpenSkiMap (9 915 km cumulés). Ce sont des altitudes de DOMAINE : deux stations d'un même domaine relié (Les 3 Vallées, Paradiski, Espace Diamant…) portent logiquement les mêmes valeurs. Le dénivelé est la différence des deux, calculée par formule.
A12: Rattachement au domaine | B12: Chaque station est rattachée au domaine skiable dont les pistes sont les plus proches de ses coordonnées, par vote pondéré par la distance — et non par ressemblance de noms, trop fragile. La colonne « Distance station-pistes » donne l'écart à la piste la plus proche et la colonne « Fiabilité » le qualifie. Au-delà de 5 km, vérifiez avant d'exploiter la ligne.
A13: Colonnes de comptage | B13: « Pistes du domaine (km) », « Nombre de pistes », « Vertes / bleues », « Rouges / noires » et « Remontées mécaniques » décrivent le domaine entier, pas le secteur propre à la station. Les kilomètres sont mesurés sur les tracés OpenStreetMap et diffèrent souvent des chiffres commerciaux affichés par les stations.
A14: Km de pistes (France Montagnes) | B14: Chiffre repris du texte de présentation de la station quand il y figure (46 stations sur 233). Conservé à part pour pouvoir le confronter au calcul OpenSkiMap ; une cellule vide signifie « non communiqué », pas « zéro ».
A15: Stations sans domaine | B15: 9 stations n'ont aucune piste alpine cartographiée à moins de 15 km : Saint-Colomban-des-Villards, Le Chioula, Val de Morteau, Audibergue, Valdrôme, Névache, Artouste, Les Monts du Pilat, Soleilhas-Vauplane. Certaines sont à dominante nordique, d'autres sont simplement absentes d'OpenStreetMap. Leurs colonnes d'altitude de domaine sont vides — c'est une lacune connue, pas un zéro.
A16: Coordonnées | B16: Reprises des fiches France Montagnes puis contrôlées une à une par géocodage inverse (la commune trouvée doit correspondre au département du code postal) et par cohérence avec le domaine skiable rattaché. 33 stations échouaient à ces contrôles — certaines étaient placées à plus de 500 km de leur massif — et ont été recalées sur le chef-lieu de leur commune (API Adresse, data.gouv.fr) ou sur le centre du domaine (OpenSkiMap). La colonne « Origine coordonnées » indique la provenance ligne par ligne.
A17: Nommage d'un domaine | B17: OpenSkiMap étiquette l'ensemble du versant français des Portes du Soleil (9 stations, 494 km, 195 remontées) sous le nom d'un de ses secteurs, « Roc d'Enfer (La Grande Terche) ». La colonne « Domaine skiable » affiche « Portes du Soleil (versant français) » ; l'identifiant OpenSkiMap de la colonne AE reste celui de la source.
A18: Réservation officielle | B18: Trois sources, dans cet ordre de priorité : la liste d'URL que vous avez fournie (45), la page « sites de réservation » de France Montagnes (91 entrées, relevé du 18/08/2026), puis le lien « Réserver en ligne » de la fiche station. À défaut, le site officiel de la station a été lu pour y repérer un lien de réservation ; ces détections ne sont retenues que si l'hôte est un sous-domaine dédié (reservation./resa./booking.), partage le domaine du site officiel, ou correspond à un moteur connu. 101 stations sur 233 ont un lien. La colonne « Source du lien » dit d'où vient chaque URL, et porte le motif quand aucun lien n'a été retenu.
A19: Moteur de réservation | B19: Plateforme détectée en lisant la page de réservation (empreintes dans le HTML et l'URL finale). Ingénie/Genius 35, Open System 15, Ceto/Orchestra 10, Eliberty 4, Ublo (ex-Valraiso/MSEM) 3, WooCommerce 3, Elloha 1, Yoplanning 1 ; 29 non identifiés, le plus souvent parce que le moteur est chargé après un clic ou dans une iframe. C'est une observation à une date donnée, pas un engagement du prestataire.
... A25: Anomalie source signalée | B25: Prat Peyrot / Mont Aigoual : la fiche France Montagnes donne une adresse à Saint-Urcize (15110, Cantal) alors que la station est au Mont Aigoual (Gard). Commune, code postal et coordonnées corrigés ; la mention figure dans la colonne « Présentation » de la ligne.
